epoch,step,train_loss
0,49,5.803992748260498
1,99,4.747344970703125
2,149,4.5153656005859375
3,199,4.367088794708252
4,249,4.265829563140869
